{
  "meteorites": [
    {
      "c_pos_x": 0.09720095090839415,
      "c_vel_x": -0.005956603807058226,
      "c_accel": 0.0,
      "c_pos_y": 0.9999999999,
      "c_vel_y": -0.0114243379380233756,
      "t_start": 0,
      "id": 1000
    },
    {
      "c_pos_x": 0.18330206904510038,
      "c_vel_x": 0.0062820798636315095,
      "c_accel": 0.0,
      "c_pos_y": 0.856270399256712,
      "c_vel_y": -0.010395767892722535,
      "t_start": -70,
      "id": 1001
    },
    {
      "c_pos_x": 0.24786469270767597,
      "c_vel_x": 0.007608462706141142,
      "c_accel": 0.0,
      "c_pos_y": -0.24108339320010086,
      "c_vel_y": -0.01615367477577541,
      "t_start": 0,
      "id": 1002
    }
  ],
  "initial_laser_state": {
    "h": 1.5707963267948966,
    "hp": 6,
    "laser_shots_remaining": 60
  },
  "accel_corr_factor_s": 0.3333333333333333,
  "prob_hit_destroys": 0.75,
  "num_laser_shots": 60,
  "laser_effectiveness_distance": 1.1,
  "in_bounds": {
    "x_bounds": [
      -1.0,
      1.0
    ],
    "y_bounds": [
      -1.0,
      1.0
    ]
  },
  "min_dist": 0.01,
  "noise_sigma_x": 0.0,
  "noise_sigma_y": 0.0,
  "nsteps": 350,
  "dt": 0.1,
  "_args": {
    "outfile": "../canvas_grading_code/cases/case0.json",
    "turret_x": 0.0,
    "turret_hp": 6,
    "num_laser_shots": 60,
    "t_past": 0,
    "t_future": 1,
    "t_step": 6,
    "noise_sigma_x": 0.0,
    "noise_sigma_y": 0.0,
    "min_y_init": 0.31,
    "max_y_init": 2.5,
    "nsteps": 500,
    "dt": 0.1,
    "meteorite_c_pos_max": 0.5,
    "meteorite_c_vel_max": 0.05,
    "meteorite_c_accel_max": 0.0,
    "min_dist": 0.01,
    "max_angle_change": 0.0873,
    "seed": 4184
  }
}
